{
    "em": 0.6666666666666666,
    "acc": 1.0,
    "f1": 0.8333333333333334,
    "math_equal": 0.6666666666666666,
    "num_valid_answer": "3 of 3",
    "llm_equal": 0.6666666666666666,
    "domain_metrics": {
        "Unknown": {
            "total": 3,
            "em": 0.6666666666666666,
            "acc": 1.0,
            "f1": 0.8333333333333334,
            "math_equal": 0.6666666666666666,
            "llm_equal": 0.6666666666666666
        }
    }
}